{"Brisbane": 0.6884250359999999, "Sydney": 0.7162769637500002, "Melbourne": 0.44037907775, "Perth": 0.48394812, "Geelong": 0.9355866, "Canberra": 0.227933182}