{"Brisbane": 0.5817642194444445, "Sydney": 0.6022361873333333, "Melbourne": 0.55994314655, "Adelaide": 0.6546574548571428, "Hobart": 0.67630666, "Perth": 0.5138315539999999, "Ballarat": 0.9766196, "Newcastle": 0.64645645275, "Canberra": 0.329503115}