{"QLD": 0.6104237787500001, "NSW": 0.5858980700133335, "VIC": 0.5399228008, "SA": 0.652860426125, "WA": 0.5046812091612903, "TAS": 0.67630666, "ACT": 0.435455149}